Row,SSIM,Ratio_mean,Ratio_median,Ratio_SD,SSIM_mean
SIM/EXP,0.960765073730588,0.995060560300891,0.998538516207548,0.999183253091479,0.988386850832627
